{
  "auc": 0.7648223020158895,
  "n_total": 765,
  "n_positive": 313,
  "base_rate": 0.4091503267973856,
  "recall_top10": 0.20447284345047922,
  "precision_top10": 0.8311688311688312,
  "lift_top10": 2.031450977137878,
  "recall_top15": 0.29073482428115016,
  "precision_top15": 0.7913043478260869,
  "lift_top15": 1.9340186136963466,
  "recall_top20": 0.36741214057507987,
  "precision_top20": 0.7516339869281046,
  "lift_top20": 1.8370607028753994,
  "recall_top25": 0.43130990415335463,
  "precision_top25": 0.703125,
  "lift_top25": 1.7185003993610224,
  "per_fase": {
    "0": {
      "n": 174,
      "n_pos": 40,
      "auc": 0.925,
      "recall_top15": 0.55,
      "precision_top15": 0.8148148148148148
    },
    "1": {
      "n": 138,
      "n_pos": 72,
      "auc": 0.8188131313131313,
      "recall_top15": 0.2361111111111111,
      "precision_top15": 0.8095238095238095
    },
    "2": {
      "n": 153,
      "n_pos": 101,
      "auc": 0.7920792079207921,
      "recall_top15": 0.21782178217821782,
      "precision_top15": 0.9565217391304348
    },
    "3": {
      "n": 94,
      "n_pos": 34,
      "auc": 0.6323529411764706,
      "recall_top15": 0.2647058823529412,
      "precision_top15": 0.6
    },
    "4": {
      "n": 67,
      "n_pos": 24,
      "auc": 0.5436046511627907,
      "recall_top15": 0.25,
      "precision_top15": 0.5454545454545454
    },
    "5": {
      "n": 43,
      "n_pos": 14,
      "auc": 0.7266009852216748,
      "recall_top15": 0.2857142857142857,
      "precision_top15": 0.5714285714285714
    },
    "6": {
      "n": 17,
      "n_pos": 10,
      "auc": 0.8714285714285714,
      "recall_top15": 0.3,
      "precision_top15": 1.0
    },
    "7": {
      "n": 20,
      "n_pos": 5,
      "auc": 0.8933333333333333,
      "recall_top15": 0.6,
      "precision_top15": 1.0
    },
    "8": {
      "n": 59,
      "n_pos": 13,
      "auc": 0.3311036789297659,
      "recall_top15": 0.0,
      "precision_top15": 0.0
    }
  }
}