{
  "auc_valid": 0.7151460318357884,
  "n_valid": 765,
  "base_rate_valid": 0.4091503267973856,
  "topk": [
    {
      "k_pct": 10.0,
      "n_total": 765,
      "n_alert": 80,
      "n_pos": 313,
      "base_rate": 0.4091503267973856,
      "tp": 60,
      "fp": 20,
      "fn": 253,
      "recall@k": 0.19169329073482427,
      "precision@k": 0.75,
      "lift@k": 1.8330670926517572
    },
    {
      "k_pct": 15.0,
      "n_total": 765,
      "n_alert": 119,
      "n_pos": 313,
      "base_rate": 0.4091503267973856,
      "tp": 86,
      "fp": 33,
      "fn": 227,
      "recall@k": 0.2747603833865815,
      "precision@k": 0.7226890756302521,
      "lift@k": 1.7663167503423094
    },
    {
      "k_pct": 20.0,
      "n_total": 765,
      "n_alert": 156,
      "n_pos": 313,
      "base_rate": 0.4091503267973856,
      "tp": 107,
      "fp": 49,
      "fn": 206,
      "recall@k": 0.34185303514376997,
      "precision@k": 0.6858974358974359,
      "lift@k": 1.6763946915704104
    },
    {
      "k_pct": 25.0,
      "n_total": 765,
      "n_alert": 195,
      "n_pos": 313,
      "base_rate": 0.4091503267973856,
      "tp": 128,
      "fp": 67,
      "fn": 185,
      "recall@k": 0.40894568690095845,
      "precision@k": 0.6564102564102564,
      "lift@k": 1.604325387072991
    }
  ],
  "k_main": 15
}